date,rank,level,xp
2013-01-04,233287,80,2121549
2013-01-05,233382,80,2121549
2013-01-06,233770,80,2121549
2013-01-07,233966,80,2121549
2013-01-08,234181,80,2121549
2013-01-09,234350,80,2121549
2013-01-10,234523,80,2121549
2013-01-11,234591,80,2121949
2013-01-12,234877,80,2121949
2013-01-13,235252,80,2121949
2013-01-14,235607,80,2121949
2013-01-16,236086,80,2121949
2013-01-17,236420,80,2121949
2013-01-18,236663,80,2121949
2013-01-19,237023,80,2121949
2013-01-20,237507,80,2122001
2013-01-21,237872,80,2122001
2013-01-22,200306,81,2221610
2013-01-23,200790,81,2221610
2013-01-24,201182,81,2221610
2013-01-25,201541,81,2221610
2013-01-26,201939,81,2221610
2013-01-27,202490,81,2221610
2013-01-28,202796,81,2221610
2013-01-30,202785,81,2221610
2013-01-31,196133,81,2250428
2013-02-01,196143,81,2258761
2013-02-02,196520,81,2258761
2013-02-03,196643,81,2269078
2013-02-04,196998,81,2271904
2013-02-05,197396,81,2271904
2013-02-06,197662,81,2271904
2013-02-07,198037,81,2271904
2013-02-08,198352,81,2271904
2013-02-09,198715,81,2271904
2013-02-10,199282,81,2271904
2013-02-11,199739,81,2271904
2013-02-12,200067,81,2271904
2013-02-13,200067,81,2271904
2013-02-14,200067,81,2271904
2013-02-15,200067,81,2271904
2013-02-16,200067,81,2271904
2013-02-17,200067,81,2271904
2013-02-18,204564,81,2272446
2013-02-19,193261,81,2272446
2013-02-20,194189,81,2272655
2013-02-21,195817,81,2272655
2013-02-22,199096,81,2272655
2013-02-23,199707,81,2272655
2013-02-24,202337,81,2272655
2013-02-25,204790,81,2272655
2013-02-26,205236,81,2272655
2013-02-27,206406,81,2272655
2013-03-01,209523,81,2272655
2013-03-02,211177,81,2272655
2013-03-03,212866,81,2276822
2013-03-04,214273,81,2276822
2013-03-05,212569,81,2276822
2013-03-06,213800,81,2276822
2013-03-07,214837,81,2276822
2013-03-08,215773,81,2276822
2013-03-09,216745,81,2276822
2013-03-10,217992,81,2276822
2013-03-11,219089,81,2276822
2013-03-13,220733,81,2276822
2013-03-14,221362,81,2276822
2013-03-15,221911,81,2276822
2013-03-16,222568,81,2276822
2013-03-17,223407,81,2276822
2013-03-18,224144,81,2276822
2013-03-19,224683,81,2276822
2013-03-20,225195,81,2276822
2013-03-21,225137,81,2286786
2013-03-22,225615,81,2286786
2013-03-23,226097,81,2286786
2013-03-24,226736,81,2286786
2013-03-25,227422,81,2286786
2013-03-26,227894,81,2286786
2013-03-27,228390,81,2286786
2013-03-28,228799,81,2286786
2013-03-29,229267,81,2286786
2013-03-31,230374,81,2286786
2013-04-01,230972,81,2286786
2013-04-02,231390,81,2286838
2013-04-03,231745,81,2287218
2013-04-04,231910,81,2287218
2013-04-05,230857,81,2311525
2013-04-06,231035,81,2311600
2013-04-07,231271,81,2311600
2013-04-08,231335,81,2315767
2013-04-09,231551,81,2315767
2013-04-10,231748,81,2315767
2013-04-11,213434,81,2315767
2013-04-12,213679,81,2315767
2013-04-13,214053,81,2315767
2013-04-14,214552,81,2315767
2013-04-15,215025,81,2315767
2013-04-16,215307,81,2315767
2013-04-18,215676,81,2315767
2013-04-19,210154,81,2368075
2013-04-20,204498,82,2525002
2013-04-21,185561,85,3261585
2013-04-24,183967,85,3261585
2013-04-25,184144,85,3261585
2013-04-26,183629,85,3261585
2013-04-30,184484,85,3269095
2013-05-01,184654,85,3269095
2013-05-02,184810,85,3269095
2013-05-03,184739,85,3274015
2013-05-04,184910,85,3274015
2013-05-05,185132,85,3274588
2013-05-06,185335,85,3274589
2013-05-07,185396,85,3274589
2013-05-08,185485,85,3274589
2013-05-09,185525,85,3274589
2013-05-12,183995,85,3348639
2013-05-13,184109,85,3348898
2013-05-14,184223,85,3348898
2013-05-15,184295,85,3348898
2013-05-18,184417,85,3348898
2013-05-19,184676,85,3348898
2013-05-20,184666,85,3358735
2013-05-21,184777,85,3358735
2013-05-24,185351,85,3358735
2013-05-25,185351,85,3358735
2013-05-26,185351,85,3358735
2013-05-27,174312,85,3358735
2013-05-28,174574,85,3358735
2013-05-29,173411,85,3358735
2013-05-30,173496,85,3363655
2013-05-31,173733,85,3363655
2013-06-01,174030,85,3363655
2013-06-02,174321,85,3363655
2013-06-04,174820,85,3363655
2013-06-05,175016,85,3363655
2013-06-06,175190,85,3363655
2013-06-07,175348,85,3363655
2013-06-08,175585,85,3363655
2013-06-11,176509,85,3363655
2013-06-12,172153,85,3363655
2013-06-13,172106,85,3363655
2013-06-14,172367,85,3363655
2013-06-15,172341,85,3363655
2013-06-16,172644,85,3363655
2013-06-17,173011,85,3363655
2013-06-18,173365,85,3363655
2013-06-19,171954,85,3363655
2013-06-20,171688,85,3363655
2013-06-21,171846,85,3363655
2013-06-22,171978,85,3363655
2013-06-23,171774,85,3363655
2013-06-24,172219,85,3363655
2013-06-25,172766,85,3363655
2013-06-26,172729,85,3363655
2013-06-29,172647,85,3363655
2013-06-30,173426,85,3363655
2013-07-01,173831,85,3363655
2013-07-05,170540,85,3363655
2013-07-06,170855,85,3363655
2013-07-07,171153,85,3363655
2013-07-08,171471,85,3363655
2013-07-11,172154,85,3363655
2013-07-12,172450,85,3363655
2013-07-13,172723,85,3363655
2013-07-14,172971,85,3363655
2013-07-17,173693,85,3363655
2013-07-18,173932,85,3363655
2013-07-19,174078,85,3363655
2013-07-20,173029,85,3363655
2013-07-23,168611,85,3363655
2013-07-24,168663,85,3363655
2013-07-25,168602,85,3363655
2013-07-29,169180,85,3363655
2013-07-30,169371,85,3363655
2013-07-31,169611,85,3363655
2013-08-01,167561,85,3363655
2013-08-02,167508,85,3363655
2013-08-03,167706,85,3363655
2013-08-04,167908,85,3363655
2013-08-05,168041,85,3363655
2013-08-06,167816,85,3363655
2013-08-07,167940,85,3363655
2013-08-08,167929,85,3363655
2013-08-09,165567,85,3363655
2013-08-10,165373,85,3363655
2013-08-11,165414,85,3363655
2013-08-12,165546,85,3363655
2013-08-13,165650,85,3363655
2013-08-16,165667,85,3363655
2013-08-17,163570,85,3363655
2013-08-18,163574,85,3363655
2013-08-20,163629,85,3363655
2013-08-21,162472,85,3363655
2013-08-22,162269,85,3363655
2013-08-23,161363,85,3363655
2013-08-24,161511,85,3363655
2013-08-25,161638,85,3363655
2013-08-26,161636,85,3363655
2013-08-27,161557,85,3363655
2013-08-28,161525,85,3363655
2013-08-29,159268,85,3363655
2013-08-30,159212,85,3363655
2013-08-31,159138,85,3363655
2013-09-02,159333,85,3363655
2013-09-03,159475,85,3363655
2013-09-04,157892,85,3363655
2013-09-05,157837,85,3363655
2013-09-06,157569,85,3363655
2013-09-09,156438,85,3363655
2013-09-10,156249,85,3363655
2013-09-11,156144,85,3363655
2013-09-12,156101,85,3363655
2013-09-13,156046,85,3363655
2013-09-14,156046,85,3363655
2013-09-15,156040,85,3363655
2013-09-16,156066,85,3363655
2013-09-17,153296,85,3363655
2013-09-18,153244,85,3363655
2013-09-21,152698,85,3363655
2013-09-22,152615,85,3363655
2013-09-23,152544,85,3363655
2013-09-25,152287,85,3363655
2013-09-26,152698,85,3363655
2013-09-27,153063,85,3363655
2013-09-28,150883,85,3363655
2013-09-29,151269,85,3363655
2013-09-30,151466,85,3363655
2013-10-02,151658,85,3363655
2013-10-03,151801,85,3363655
2013-10-04,151853,85,3363655
2013-10-05,150679,85,3363655
2013-10-06,150814,85,3363655
2013-10-07,150990,85,3363655
2013-10-08,151041,85,3363655
2013-10-09,151070,85,3363655
2013-10-10,151104,85,3363655
2013-10-11,151133,85,3363655
2013-10-12,151250,85,3363655
2013-10-15,151655,85,3363655
2013-10-16,151625,85,3363655
2013-10-17,151753,85,3363655
2013-10-18,151879,85,3363655
2013-10-20,152403,85,3363655
2013-10-21,152701,85,3363655
2013-10-22,152806,85,3363655
2013-10-23,149574,85,3363655
2013-10-24,149705,85,3363655
2013-10-27,150111,85,3363655
2013-10-28,150428,85,3363655
2013-10-29,150557,85,3363655
2013-10-30,149322,85,3363655
2013-11-02,149306,85,3363655
2013-11-03,149534,85,3363655
2013-11-04,149705,85,3363655
2013-11-07,149869,85,3363655
2013-11-08,149840,85,3363655
2013-11-09,149876,85,3363655
2013-11-10,150011,85,3363655
2013-11-11,150219,85,3363655
2013-11-14,147802,85,3363655
2013-11-15,147866,85,3363655
2013-11-16,147999,85,3363655
2013-11-17,148285,85,3363655
2013-11-20,148673,85,3363655
2013-11-21,148710,85,3363655
2013-11-22,148761,85,3363655
2013-11-26,149233,85,3363655
2013-11-27,146979,85,3363745
2013-11-28,147095,85,3363745
2013-11-29,147222,85,3363745
2013-12-02,147772,85,3363745
2013-12-03,147859,85,3363745
2013-12-04,147933,85,3363745
2013-12-05,147963,85,3363745
2013-12-08,148470,85,3363745
2013-12-09,148735,85,3363745
2013-12-10,148815,85,3363745
2013-12-11,148891,85,3363745
2013-12-13,146609,85,3363745
2013-12-14,146796,85,3363745
2013-12-15,147128,85,3363745
2013-12-16,147426,85,3363745
2013-12-17,147647,85,3363745
2013-12-20,148608,85,3363745
2013-12-21,149106,85,3365425
2013-12-22,149588,85,3365425
2013-12-23,150081,85,3365425
2013-12-26,151423,85,3375377
2013-12-27,151499,85,3380297
2013-12-29,152197,85,3380297
2014-01-01,153032,85,3380297
2014-01-02,153392,85,3380297
2014-01-03,153643,85,3380297
2014-01-05,154296,85,3380297
2014-01-07,154830,85,3380297
2014-01-08,155033,85,3380297
2014-01-09,155229,85,3380297
2014-01-10,155393,85,3380297
2014-01-12,155989,85,3380297
2014-01-13,156305,85,3380297
2014-01-14,156527,85,3380297
2014-01-15,156736,85,3380297
2014-01-16,156885,85,3380297
2014-01-17,152812,85,3380297
2014-01-18,153057,85,3380297
2014-01-19,153326,85,3380297
2014-01-20,153644,85,3380297
2014-01-21,153831,85,3380297
2014-01-22,153993,85,3380409
2014-01-25,154167,85,3400083
2014-01-26,154465,85,3400083
2014-01-27,154785,85,3400083
2014-01-31,152674,85,3400083
2014-02-01,153426,85,3400083
2014-02-02,153989,85,3400083
2014-02-03,154440,85,3400083
2014-02-06,153985,85,3400083
2014-02-07,154220,85,3400083
2014-02-08,154532,85,3400083
2014-02-09,154648,85,3400083
2014-02-10,155019,85,3400083
2014-02-11,155165,85,3400083
2014-02-12,155381,85,3400083
2014-02-13,155588,85,3400083
2014-02-14,155855,85,3400083
2014-02-15,156196,85,3400083
2014-02-16,156633,85,3400083
2014-02-17,157013,85,3400083
2014-02-18,157272,85,3400083
2014-02-19,154235,85,3400083
2014-02-20,154472,85,3400083
2014-02-21,154800,85,3400083
2014-02-22,155702,85,3400083
2014-02-23,156533,85,3400083
2014-02-24,157074,85,3400083
2014-02-25,157336,85,3400083
2014-02-26,157536,85,3400083
2014-02-27,157770,85,3400083
2014-02-28,157862,85,3400083
2014-03-01,158043,85,3400083
2014-03-02,158381,85,3400083
2014-03-03,158722,85,3400083
2014-03-04,158898,85,3400083
2014-03-05,158862,85,3400083
2014-03-06,158975,85,3400083
2014-03-07,159000,85,3400083
2014-03-08,159119,85,3400083
2014-03-09,159396,85,3400083
2014-03-10,159594,85,3400083
2014-03-11,159663,85,3400083
2014-03-12,159745,85,3400083
2014-03-13,155674,85,3400083
2014-03-14,155736,85,3400083
2014-03-15,155835,85,3400083
2014-03-16,156028,85,3400083
2014-03-17,156219,85,3400083
2014-03-19,154997,85,3400083
2014-03-20,154932,85,3400083
2014-03-21,155007,85,3400083
2014-03-22,155024,85,3400083
2014-03-23,155241,85,3400083
2014-03-24,155443,85,3400083
2014-03-25,153352,85,3400083
2014-03-26,153463,85,3400083
2014-03-27,153522,85,3400083
2014-03-28,152808,85,3400083
2014-03-29,152374,85,3400083
2014-03-30,152643,85,3400083
2014-03-31,152829,85,3400123
2014-04-01,157599,85,3400123
2014-04-02,160449,85,3400123
2014-04-03,162485,85,3400123
2014-04-04,164651,85,3400123
2014-04-07,166681,85,3400123
2014-04-08,166681,85,3400123
2014-04-09,175391,85,3400123
2014-04-10,176871,85,3400123
2014-04-13,180136,85,3400123
2014-04-14,184188,85,3400123
2014-04-15,185809,85,3400123
2014-04-19,192012,85,3400123
2014-04-20,193535,85,3400123
2014-04-21,195114,85,3400123
2014-04-22,196643,85,3400123
2014-04-25,200199,85,3400123
2014-04-26,200958,85,3400123
2014-04-27,202335,85,3400123
2014-05-01,206275,85,3400123
2014-05-02,207497,85,3400123
2014-05-03,208614,85,3400123
2014-05-04,210082,85,3400123
2014-05-05,211347,85,3400123
2014-05-06,212499,85,3400123
2014-05-07,213458,85,3400123
2014-05-08,214743,85,3400123
2014-05-09,215527,85,3400123
2014-05-10,216614,85,3400123
2014-05-11,217982,85,3400123
2014-05-12,219198,85,3400123
2014-05-13,220231,85,3400123
2014-05-14,220498,85,3400123
2014-05-15,221474,85,3400123
2014-05-16,222210,85,3400123
2014-05-17,223142,85,3400123
2014-05-18,224363,85,3400123
2014-05-19,225426,85,3400123
2014-05-20,226367,85,3400123
2014-05-21,227431,85,3400123
2014-05-22,228295,85,3400123
2014-05-23,229339,85,3400123
2014-05-24,230334,85,3400123
2014-05-25,231302,85,3400123
2014-05-26,232508,85,3400123
2014-05-27,233408,85,3400123
2014-05-28,234488,85,3400123
2014-05-29,235580,85,3400123
2014-05-30,236375,85,3400123
2014-05-31,237266,85,3400123
2014-06-01,238422,85,3400123
2014-06-02,239505,85,3400123
2014-06-03,240286,85,3400123
2014-06-05,242249,85,3400123
2014-06-06,243065,85,3400123
2014-06-07,243997,85,3400123
2014-06-08,245043,85,3400189
2014-06-09,246150,85,3400189
2014-06-10,246923,85,3400189
2014-06-12,248512,85,3400189
2014-06-13,249390,85,3400189
2014-06-14,250299,85,3400189
2014-06-15,251110,85,3400471
2014-06-16,252143,85,3400471
2014-06-17,252847,85,3400471
2014-06-18,253899,85,3400471
2014-06-19,254719,85,3400471
2014-06-20,255602,85,3400471
2014-06-21,256436,85,3400471
2014-06-24,258668,85,3400779
2014-06-25,259421,85,3400779
2014-06-26,260259,85,3400779
2014-06-27,260940,85,3400779
2014-06-30,263240,85,3400845
2014-07-01,263942,85,3400845
2014-07-02,264748,85,3400845
2014-07-06,267675,85,3400845
2014-07-07,268587,85,3400845
2014-07-08,269261,85,3400845
2014-07-09,270099,85,3400845
2014-07-10,270827,85,3400845
2014-07-11,271647,85,3400845
2014-07-12,272515,85,3400845
2014-07-13,273106,85,3400845
2014-07-14,273933,85,3400845
2014-07-15,274840,85,3400845
2014-07-18,277562,85,3400845
2014-07-19,278264,85,3400845
2014-07-21,279639,85,3412591
2014-07-24,275916,86,3598463
2014-07-25,276570,86,3598463
2014-07-26,277245,86,3598463
2014-07-27,277871,86,3598463
2014-07-28,278659,86,3598463
2014-07-29,279205,86,3598463
2014-07-30,279735,86,3598463
2014-07-31,280317,86,3598463
2014-08-01,280843,86,3598463
2014-08-02,281427,86,3598463
2014-08-03,282100,86,3598463
2014-08-04,282822,86,3598463
2014-08-05,283416,86,3598463
2014-08-06,283962,86,3598463
2014-08-07,284558,86,3598463
2014-08-09,285011,86,3598465
2014-08-10,283644,86,3639661
2014-08-11,284194,86,3639661
2014-08-12,283933,86,3659937
2014-08-13,273073,87,4098490
2014-08-15,273866,87,4107035
2014-08-16,274354,87,4107035
2014-08-17,,0,0
2014-08-18,,0,0
2014-08-19,274943,87,4117902
2014-08-20,273770,87,4117902
2014-08-21,271964,87,4117935
2014-08-22,268615,87,4117935
2014-08-23,262534,87,4117935
2014-08-24,260594,87,4125976
2014-08-25,258492,87,4125976
2014-08-27,248653,87,4125976
2014-08-28,248605,87,4125976
2014-08-29,248632,87,4125976
2014-08-30,237103,89,4846499
2014-08-31,237303,89,4846499
2014-09-01,237167,89,4852454
2014-09-02,236951,89,4852524
2014-09-03,236841,89,4852546
2014-09-04,236829,89,4852546
2014-09-05,236581,89,4867546
2014-09-06,236621,89,4867546
2014-09-08,236389,89,4882546
2014-09-09,236324,89,4882546
2014-09-10,236374,89,4882546
2014-09-11,236404,89,4882682
2014-09-13,236181,89,4888638
2014-09-14,236153,89,4888671
2014-09-15,236011,89,4888671
2014-09-16,235681,89,4888671
2014-09-18,235315,89,4888951
2014-09-19,235148,89,4888951
2014-09-20,234986,89,4888951
2014-09-21,234967,89,4888951
2014-09-22,234931,89,4888951
2014-09-24,234809,89,4889091
2014-09-25,234650,89,4889091
2014-09-26,234489,89,4895014
2014-09-27,234325,89,4896029
2014-09-28,234261,89,4902749
2014-09-29,234175,89,4902749
2014-09-30,233872,89,4903408
2014-10-01,233780,89,4903408
2014-10-02,233711,89,4903518
2014-10-03,233678,89,4913478
2014-10-04,233553,89,4913478
2014-10-05,233733,89,4917312
2014-10-06,233502,89,4917378
2014-10-07,233436,89,4917378
2014-10-08,233232,89,4917466
2014-10-10,232995,89,4917746
2014-10-11,232905,89,4917878
2014-10-12,232836,89,4917944
2014-10-13,232346,89,4943033
2014-10-14,231793,89,4943099
2014-10-15,231567,89,4943165
2014-10-16,231395,89,4943231
2014-10-17,231174,89,4943341
2014-10-18,231017,89,4943341
2014-10-19,230876,89,4943407
2014-10-20,230802,89,4943470
2014-10-21,230627,89,4943523
2014-10-22,230529,89,4943622
2014-10-23,230395,89,4943710
2014-10-24,230174,89,4943776
2014-10-25,230006,89,4943872
2014-10-26,229009,89,5022217
2014-10-27,228886,89,5022423
2014-10-28,228771,89,5022489
2014-10-29,228630,89,5022555
2014-10-30,227166,89,5146188
2014-11-01,227161,89,5146309
2014-11-02,197321,93,7763259
2014-11-03,178450,98,13033465
2014-11-04,148022,99,13124348
2014-11-05,147858,99,13124984
2014-11-06,147428,99,13126833
2014-11-07,147307,99,13126833
2014-11-08,147246,99,13126833
2014-11-09,147214,99,13126833
2014-11-10,147089,99,13127533
2014-11-11,146870,99,13128013
2014-11-12,146810,99,13128013
2014-11-13,146897,99,13128046
2014-11-14,146705,99,13128046
2014-11-15,146590,99,13128167
2014-11-16,146540,99,13128233
2014-11-17,146552,99,13128299
2014-11-19,146441,99,13128365
2014-11-20,146417,99,13128365
2014-11-21,146447,99,13128365
2014-11-22,146359,99,13128365
2014-11-23,146365,99,13128431
2014-11-24,146359,99,13128486
2014-11-25,146314,99,13128541
2014-11-26,143350,99,13144291
2014-11-27,143308,99,13144291
2014-11-28,143310,99,13144291
2014-11-29,143332,99,13144346
2014-12-02,,0,0
2014-12-03,,0,0
2014-12-04,,0,0
2014-12-05,,0,0
2014-12-06,,0,0
2014-12-08,,0,0
2014-12-09,,0,0
2014-12-10,,0,0
2014-12-11,,0,0
2014-12-12,,0,0
2014-12-13,,0,0
2014-12-14,,0,0
2014-12-15,,0,0
2014-12-16,,0,0
2014-12-17,,0,0
2014-12-19,,0,0
2014-12-20,,0,0
2014-12-21,,0,0
2014-12-22,,0,0
2014-12-23,,0,0
2014-12-24,,0,0
2014-12-25,,0,0
2014-12-26,,0,0
2014-12-27,,0,0
2014-12-28,,0,0
2014-12-29,142698,99,13152206
2014-12-30,141130,99,13162030
2014-12-31,115847,99,13363031
2015-01-01,115876,99,13363031
2015-01-02,115981,99,13363031
2015-01-03,116052,99,13363031
2015-01-04,115175,99,13372981
2015-01-06,115273,99,13372981
2015-01-07,115347,99,13372981
2015-01-08,115366,99,13372981
2015-01-09,115395,99,13372981
2015-01-10,115421,99,13372981
2015-01-11,115491,99,13372981
2015-01-12,115510,99,13373506
2015-01-13,,0,0
2015-01-14,115570,99,13373506
2015-01-15,115649,99,13373506
2015-01-16,115658,99,13373506
2015-01-17,115685,99,13373506
2015-01-19,115761,99,13373506
2015-01-20,115781,99,13373506
2015-01-21,115850,99,13373506
2015-01-22,115912,99,13373506
2015-01-23,115984,99,13373506
2015-01-25,116013,99,13373506
2015-01-26,116044,99,13373506
2015-01-27,116096,99,13373506
2015-01-28,116080,99,13373506
2015-01-30,116110,99,13373506
2015-01-31,116078,99,13373506
2015-02-01,116031,99,13373506
2015-02-02,116085,99,13373506
2015-02-03,116084,99,13373506
2015-02-05,116131,99,13373506
2015-02-06,116200,99,13373506
2015-02-07,116289,99,13373506
2015-02-08,116427,99,13373506
2015-02-09,116470,99,13373506
2015-02-10,116496,99,13373506
2015-02-11,116514,99,13373506
2015-02-12,116518,99,13373506
2015-02-13,116584,99,13373506
2015-02-14,116637,99,13373506
2015-02-15,116642,99,13373506
2015-02-16,116699,99,13373506
2015-02-17,116764,99,13373506
2015-02-18,116816,99,13373506
2015-02-19,116908,99,13373506
2015-02-20,116977,99,13373506
2015-02-21,117115,99,13373506
2015-02-23,117406,99,13373506
2015-02-24,117502,99,13373506
2015-02-25,117512,99,13373506
2015-02-26,117616,99,13373506
2015-02-27,117663,99,13373506
2015-03-01,117852,99,13373506
2015-03-02,117958,99,13373506
2015-03-03,117990,99,13373506
2015-03-04,118070,99,13373506
2015-03-05,118133,99,13373506
2015-03-06,118189,99,13373506
2015-03-07,118203,99,13373506
2015-03-08,118341,99,13373506
2015-03-09,118408,99,13373506
2015-03-10,118451,99,13373506
2015-03-12,118553,99,13373506
2015-03-13,118606,99,13373506
2015-03-14,118652,99,13373506
2015-03-15,118717,99,13373506
2015-03-16,118861,99,13373506
2015-03-17,118898,99,13373506
2015-03-18,118976,99,13373506
2015-03-19,119033,99,13373506
2015-03-20,119004,99,13373506
2015-03-21,119043,99,13373506
2015-03-22,119115,99,13373506
2015-03-23,119209,99,13373506
2015-03-25,119158,99,13373506
2015-03-26,119240,99,13373506
2015-03-27,119196,99,13373506
2015-03-28,119199,99,13373506
2015-03-29,119270,99,13373581
2015-03-30,119268,99,13374047
2015-03-31,119304,99,13374047
2015-04-01,119279,99,13374047
2015-04-02,119233,99,13374047
2015-04-04,119331,99,13374047
2015-04-05,119352,99,13374047
2015-04-06,119451,99,13374047
2015-04-07,119500,99,13374047
2015-04-08,119560,99,13374047
2015-04-09,119592,99,13374047
2015-04-10,119575,99,13374047
2015-04-11,119579,99,13374047
2015-04-12,119600,99,13374047
2015-04-13,119630,99,13374047
2015-04-14,119599,99,13374047
2015-04-16,119576,99,13374047
2015-04-17,119567,99,13374047
2015-04-18,119610,99,13374047
2015-04-19,119599,99,13374047
2015-04-20,119564,99,13374047
2015-04-21,119564,99,13374047
2015-04-22,119537,99,13374047
2015-04-23,119548,99,13374047
2015-04-24,119575,99,13374047
2015-04-25,119598,99,13374047
2015-04-26,119681,99,13374047
2015-04-28,119661,99,13374047
2015-04-29,119639,99,13374047
2015-04-30,119700,99,13374047
2015-05-01,119677,99,13374047
2015-05-02,119685,99,13374047
2015-05-03,119738,99,13374047
2015-05-04,119812,99,13374047
2015-05-05,119822,99,13374047
2015-05-06,119857,99,13374047
2015-05-07,119886,99,13374047
2015-05-08,119904,99,13374047
2015-05-09,119919,99,13374047
2015-05-11,120037,99,13374047
2015-05-12,120041,99,13374047
2015-05-13,120061,99,13374047
2015-05-14,120074,99,13374047
2015-05-15,120104,99,13374047
2015-05-16,120122,99,13374047
2015-05-17,120168,99,13374047
2015-05-18,120184,99,13374047
2015-05-19,120245,99,13374047
2015-05-21,120276,99,13374047
2015-05-23,120248,99,13374047
2015-05-24,120199,99,13374047
2015-05-25,120224,99,13374047
2015-05-27,120289,99,13374047
2015-05-28,120237,99,13374047
2015-05-29,120232,99,13374047
2015-05-30,120260,99,13374047
2015-05-31,120276,99,13374047
2015-06-02,120363,99,13374047
2015-06-03,120390,99,13374047
2015-06-04,120361,99,13374047
2015-06-05,120403,99,13374047
2015-06-06,120336,99,13374047
2015-06-08,120464,99,13374047
2015-06-09,120380,99,13374047
2015-06-10,120373,99,13374047
2015-06-11,120344,99,13374047
2015-06-12,120297,99,13374047
2015-06-13,120286,99,13374047
2015-06-15,120329,99,13374047
2015-06-16,120354,99,13374047
2015-06-17,120370,99,13374047
2015-06-18,120372,99,13374047
2015-06-19,120270,99,13374047
2015-06-20,120258,99,13374047
2015-06-21,120226,99,13374047
2015-06-22,120226,99,13374047
2015-06-23,120226,99,13374047
2015-06-24,120226,99,13374047
2015-06-26,120226,99,13374047
2015-06-27,120226,99,13374047
2015-06-28,120226,99,13374047
2015-06-29,120226,99,13374047
2015-06-30,120226,99,13374047
2015-07-02,120226,99,13374047
2015-07-03,120226,99,13374047
2015-07-04,120226,99,13374047
2015-07-05,120226,99,13374047
2015-07-06,120226,99,13374047
2015-07-07,120226,99,13374047
2015-07-08,120226,99,13374047
2015-07-09,120226,99,13374047
2015-07-10,120226,99,13374047
2015-07-11,120226,99,13374047
2015-07-12,120226,99,13374047
2015-07-13,120226,99,13374047
2015-07-14,120226,99,13374047
2015-07-15,120226,99,13374047
2015-07-16,120226,99,13374047
2015-07-17,118783,99,13394047
2015-07-18,118573,99,13396185
2015-07-19,118588,99,13396185
2015-07-20,118614,99,13397195
2015-07-21,118629,99,13397195
2015-07-22,118648,99,13397195
2015-07-24,118759,99,13397195
2015-07-25,118713,99,13397195
2015-07-26,118746,99,13397195
2015-07-27,118822,99,13397195
2015-07-30,118933,99,13397195
2015-07-31,118979,99,13397195
2015-08-01,118996,99,13397195
2015-08-02,119050,99,13397195
2015-08-04,112925,99,13467000
2015-08-05,112955,99,13467000
2015-08-06,110854,99,13492000
2015-08-07,110919,99,13492000
2015-08-09,110867,99,13492000
2015-08-10,110963,99,13492000
2015-08-11,110964,99,13492000
2015-08-12,111014,99,13492000
2015-08-13,111060,99,13492000
2015-08-15,111132,99,13492000
2015-08-16,111104,99,13492000
2015-08-17,111163,99,13492000
2015-08-18,111221,99,13492000
2015-08-19,111243,99,13492000
2015-08-20,111258,99,13492000
2015-08-22,111245,99,13492000
2015-08-23,111283,99,13492000
2015-08-24,111321,99,13492000
2015-08-25,111336,99,13492000
2015-08-26,111345,99,13492000
2015-08-27,111340,99,13492000
2015-08-28,111358,99,13492000
2015-08-29,111371,99,13492000
2015-08-30,111370,99,13492000
2015-08-31,111365,99,13492000
2015-09-01,109292,99,13517806
2015-09-02,109282,99,13517806
2015-09-03,109285,99,13517806
2015-09-04,109312,99,13517806
2015-09-05,107580,99,13540761
2015-09-06,105411,99,13569636
2015-09-07,104474,99,13584336
2015-09-08,104533,99,13584336
2015-09-09,104538,99,13584336
2015-09-10,104563,99,13584336
2015-09-11,104552,99,13584336
2015-09-12,104576,99,13584336
2015-09-14,104655,99,13584336
2015-09-15,104676,99,13584336
2015-09-16,104689,99,13584336
2015-09-18,104812,99,13584336
2015-09-19,104818,99,13584336
2015-09-20,104908,99,13584336
2015-09-21,104921,99,13584336
2015-09-22,104960,99,13584336
2015-09-23,105010,99,13584336
2015-09-24,105043,99,13584336
2015-09-25,105123,99,13584336
2015-09-26,105158,99,13584666
2015-09-27,105251,99,13584666
2015-09-28,105322,99,13584666
2015-09-29,105316,99,13584666
2015-09-30,105336,99,13584666
2015-10-01,105375,99,13584666
2015-10-02,105435,99,13584666
2015-10-03,105422,99,13584666
2015-10-04,105490,99,13584666
2015-10-05,105494,99,13584666
2015-10-06,105557,99,13584666
2015-10-07,105571,99,13584666
2015-10-08,105570,99,13584666
2015-10-09,105626,99,13584666
2015-10-10,105653,99,13584666
2015-10-11,105656,99,13584666
2015-10-13,105750,99,13584666
2015-10-14,105738,99,13584666
2015-10-15,105762,99,13584666
2015-10-16,105772,99,13584666
2015-10-17,105819,99,13584666
2015-10-18,105833,99,13584666
2015-10-19,105926,99,13584666
2015-10-20,105940,99,13584666
2015-10-21,105934,99,13584666
2015-10-22,105921,99,13584666
2015-10-23,105953,99,13584666
2015-10-24,105960,99,13584666
2015-10-25,105984,99,13584666
2015-10-26,106017,99,13584666
2015-10-27,105992,99,13584666
2015-10-28,106015,99,13584666
2015-10-29,106033,99,13584666
2015-10-30,106045,99,13584666
2015-10-31,106066,99,13584666
2015-11-02,106092,99,13584666
2015-11-03,106128,99,13584666
2015-11-05,106210,99,13584666
2015-11-06,106219,99,13584666
2015-11-07,106231,99,13584666
2015-11-08,106263,99,13584666
2015-11-10,106353,99,13584666
2015-11-11,106353,99,13584666
2015-11-12,106351,99,13584666
2015-11-13,106366,99,13584666
2015-11-14,106350,99,13584666
2015-11-16,106370,99,13584666
2015-11-17,106352,99,13584666
2015-11-18,106360,99,13584666
2015-11-19,106346,99,13584666
2015-11-20,106337,99,13584666
2015-11-21,106338,99,13584666
2015-11-22,106351,99,13584666
2015-11-23,106412,99,13584666
2015-11-24,106364,99,13584666
2015-11-26,106427,99,13584666
2015-11-27,106416,99,13584666
2015-11-28,106426,99,13584666
2015-11-29,106411,99,13584666
2015-11-30,106422,99,13584666
2015-12-01,106478,99,13584666
2015-12-02,106529,99,13584666
2015-12-04,106625,99,13584666
2015-12-05,106650,99,13584666
2015-12-06,106676,99,13584666
2015-12-07,106734,99,13584666
2015-12-09,106764,99,13584666
2015-12-10,106768,99,13584666
2015-12-12,106789,99,13584666
2015-12-13,106811,99,13584666
2015-12-14,106868,99,13584666
2015-12-16,106891,99,13584666
2015-12-17,106913,99,13584666
2015-12-18,106965,99,13584666
2015-12-19,106990,99,13584666
2015-12-20,106624,99,13589666
2015-12-22,106755,99,13589666
2015-12-23,106803,99,13589666
2015-12-24,106832,99,13589666
2015-12-25,106826,99,13589666
2015-12-26,106858,99,13589666
2015-12-27,106808,99,13589666
2015-12-28,106821,99,13589666
2015-12-29,106865,99,13589666
2015-12-31,106892,99,13589666
2016-01-02,106975,99,13589666
2016-01-03,107001,99,13589666
2016-01-04,107026,99,13589666
2016-01-05,107027,99,13589666
2016-01-06,107058,99,13589666
2016-01-08,107128,99,13589666
2016-01-09,107117,99,13589666
2016-01-10,107114,99,13589666
2016-01-11,107181,99,13589666
2016-01-12,107238,99,13589666
2016-01-14,107079,99,13589666
2016-01-15,107095,99,13589666
2016-01-16,107113,99,13589666
2016-01-17,107252,99,13589666
2016-01-18,107293,99,13589666
2016-01-19,,0,0
2016-01-20,107326,99,13589666
2016-01-21,107319,99,13589666
2016-01-22,107331,99,13589666
2016-01-24,107392,99,13589666
2016-01-26,107476,99,13589666
2016-01-27,104594,99,13633766
2016-01-28,104700,99,13633766
2016-01-29,104765,99,13633766
2016-01-30,104784,99,13633766
2016-01-31,104822,99,13633766
2016-02-01,104840,99,13633766
2016-02-02,104876,99,13633766
2016-02-04,104928,99,13633766
2016-02-07,105011,99,13633766
2016-02-08,105073,99,13633766
2016-02-09,105117,99,13633766
2016-02-10,105132,99,13633766
2016-02-11,105159,99,13633766
2016-02-13,105160,99,13633766
2016-02-14,105212,99,13633766
2016-02-15,105232,99,13633766
2016-02-16,105272,99,13633766
2016-02-17,105309,99,13633766
2016-02-19,105362,99,13633766
2016-02-20,105367,99,13633766
2016-02-21,105423,99,13633766
2016-02-22,105491,99,13633766
2016-02-23,105533,99,13633766
2016-02-25,105599,99,13633766
2016-02-26,105643,99,13633766
2016-02-27,105705,99,13633766
2016-02-28,105967,99,13633766
2016-02-29,,0,0
2016-03-02,106002,99,13633766
2016-03-03,106039,99,13633766
2016-03-04,106028,99,13633766
2016-03-05,106058,99,13633766
2016-03-06,106039,99,13633766
2016-03-07,106104,99,13633766
2016-03-08,106126,99,13633766
2016-03-09,106150,99,13633766
2016-03-10,106168,99,13633766
2016-03-12,106174,99,13633766
2016-03-14,106265,99,13633766
2016-03-15,106303,99,13633766
2016-03-16,106311,99,13633766
2016-03-17,106317,99,13633766
2016-03-18,106345,99,13633766
2016-03-19,106346,99,13633766
2016-03-20,106390,99,13633766
2016-03-21,106400,99,13633766
2016-03-23,106396,99,13633766
2016-03-24,106396,99,13633766
2016-03-25,106417,99,13633766
2016-03-26,106354,99,13633766
2016-03-27,106429,99,13633766
2016-03-28,106414,99,13633766
2016-03-30,106544,99,13633766
2016-03-31,106607,99,13633766
2016-04-01,106607,99,13633766
2016-04-02,106607,99,13633766
2016-04-03,106607,99,13633766
2016-04-05,106607,99,13633766
2016-04-06,106607,99,13633766
2016-04-07,106607,99,13633766
2016-04-08,106607,99,13633766
2016-04-09,106607,99,13633766
2016-04-11,106891,99,13633766
2016-04-13,106939,99,13633766
2016-04-14,106933,99,13633766
2016-04-15,106830,99,13633766
2016-04-16,106885,99,13633766
2016-04-17,106918,99,13633766
2016-04-19,106996,99,13633766
2016-04-20,107075,99,13633766
2016-04-21,107139,99,13633766
2016-04-22,107199,99,13633766
2016-04-23,107214,99,13633766
2016-04-24,107239,99,13633766
2016-04-25,107263,99,13633766
2016-04-26,107204,99,13633766
2016-04-27,107179,99,13633766
2016-04-28,107207,99,13633766
2016-04-29,107191,99,13633766
2016-05-01,107156,99,13633766
2016-05-02,107156,99,13633766
2016-05-03,107156,99,13633766
2016-05-04,107156,99,13633766
2016-05-05,107156,99,13633766
2016-05-07,107156,99,13633766
2016-05-08,107156,99,13633766
2016-05-09,107156,99,13633766
2016-05-10,107156,99,13633766
2016-05-11,107156,99,13633766
2016-05-12,107156,99,13633766
2016-05-13,107156,99,13633766
2016-05-14,107156,99,13633766
2016-05-15,107156,99,13633766
2016-05-16,107156,99,13633766
2016-05-17,107156,99,13633766
2016-05-18,107156,99,13633766
2016-05-19,107358,99,13633766
2016-05-20,107380,99,13633766
2016-05-21,107369,99,13633766
2016-05-22,107371,99,13633766
2016-05-23,107406,99,13633766
2016-05-24,107407,99,13633766
2016-05-25,107463,99,13633766
2016-05-26,107498,99,13633766
2016-05-27,107550,99,13633766
2016-05-28,105564,99,13663766
2016-05-29,105563,99,13663766
2016-05-30,105563,99,13663766
2016-05-31,105555,99,13663766
2016-06-01,105555,99,13663766
2016-06-02,105555,99,13663766
2016-06-03,105555,99,13663766
2016-06-04,105555,99,13663766
2016-06-05,105555,99,13663766
2016-06-06,105555,99,13663766
2016-06-07,105555,99,13663766
2016-06-08,105555,99,13663766
2016-06-09,105555,99,13663766
2016-06-11,105820,99,13663766
2016-06-12,105819,99,13663766
2016-06-13,105893,99,13663766
2016-06-14,105938,99,13663766
2016-06-15,105955,99,13663766
2016-06-17,106029,99,13663766
2016-06-18,105993,99,13663766
2016-06-19,106029,99,13663766
2016-06-21,106094,99,13663766
2016-06-22,106112,99,13663766
2016-06-23,106095,99,13663766
2016-06-24,106095,99,13663766
2016-06-25,106095,99,13663766
2016-06-26,106242,99,13663766
2016-06-28,106255,99,13663766
2016-06-29,106240,99,13663766
2016-06-30,106215,99,13663766
2016-07-01,106215,99,13663766
2016-07-02,106215,99,13663766
2016-07-03,106215,99,13663766
2016-07-04,106215,99,13663766
2016-07-05,106215,99,13663766
2016-07-06,106215,99,13663766
2016-07-07,106215,99,13663766
2016-07-08,106215,99,13663766
2016-07-09,106215,99,13663766
2016-07-10,106321,99,13663766
2016-07-11,106298,99,13663766
2016-07-12,106347,99,13663766
2016-07-13,106390,99,13663766
2016-07-15,106446,99,13663766
2016-07-17,106520,99,13663766
2016-07-18,106484,99,13663766
2016-07-19,106410,99,13663766
2016-07-20,106351,99,13663766
2016-07-21,106320,99,13663766
2016-07-22,106259,99,13663766
2016-07-23,106216,99,13663766
2016-07-24,106209,99,13663766
2016-07-25,106233,99,13663766
2016-07-26,106187,99,13663766
2016-07-28,106277,99,13663766
2016-07-29,106257,99,13663766
2016-07-30,106262,99,13663766
2016-07-31,106245,99,13663766
2016-08-01,106245,99,13663766
2016-08-02,106245,99,13663766
2016-08-03,106245,99,13663766
2016-08-04,106245,99,13663766
2016-08-05,106245,99,13663766
2016-08-06,106245,99,13663766
2016-08-07,106245,99,13663766
2016-08-08,106245,99,13663766
2016-08-09,106245,99,13663766
2016-08-10,106260,99,13663766
2016-08-11,106332,99,13663766
2016-08-12,106506,99,13663766
2016-08-13,106646,99,13663766
2016-08-14,106739,99,13663766
2016-08-15,106909,99,13663766
2016-08-16,107023,99,13663766
2016-08-17,107033,99,13663766
2016-08-18,107062,99,13663766
2016-08-19,107133,99,13663766
2016-08-21,107171,99,13663766
2016-08-22,107183,99,13663766
2016-08-23,107205,99,13663766
2016-08-24,107228,99,13663766
2016-08-25,107206,99,13663766
2016-08-26,107239,99,13663766
2016-08-27,107240,99,13663766
2016-08-28,107215,99,13663766
2016-08-29,107194,99,13663766
2016-08-30,107207,99,13663766
2016-08-31,107234,99,13663766
2016-09-01,107234,99,13663766
2016-09-03,107234,99,13663766
2016-09-04,107234,99,13663766
2016-09-05,107234,99,13663766
2016-09-07,107234,99,13663766
2016-09-08,107234,99,13663766
2016-09-09,107234,99,13663766
2016-09-10,107234,99,13663766
2016-09-11,107234,99,13663766
2016-09-13,107234,99,13663766
2016-09-15,107413,99,13663766
2016-09-16,107396,99,13663766
2016-09-17,107398,99,13663766
2016-09-19,107489,99,13663766
2016-09-20,107454,99,13663766
2016-09-21,107442,99,13663766
2016-09-22,107413,99,13663766
2016-09-24,107507,99,13663766
2016-09-25,107562,99,13663766
2016-09-26,107634,99,13663766
2016-09-27,107642,99,13663766
2016-09-28,107645,99,13663766
2016-09-29,107616,99,13663766
2016-10-01,107651,99,13663766
2016-10-02,107651,99,13663766
2016-10-03,107651,99,13663766
2016-10-04,107651,99,13663766
2016-10-05,107651,99,13663766
2016-10-07,107651,99,13663766
2016-10-08,107651,99,13663766
2016-10-09,107651,99,13663766
2016-10-10,107423,99,13663766
2016-10-11,107410,99,13663766
2016-10-12,107408,99,13663766
2016-10-13,107431,99,13663766
2016-10-14,107416,99,13663766
2016-10-15,107445,99,13663766
2016-10-16,107489,99,13663766
2016-10-18,107572,99,13663766
2016-10-19,107567,99,13663766
2016-10-20,107556,99,13663766
2016-10-21,107568,99,13663766
2016-10-22,107587,99,13663766
2016-10-24,107573,99,13663766
2016-10-25,107623,99,13663766
2016-10-26,107609,99,13663766
2016-10-27,107590,99,13663766
2016-10-28,107623,99,13663766
2016-10-30,107628,99,13663766
2016-10-31,107650,99,13663766
2016-11-01,107650,99,13663766
2016-11-02,107650,99,13663766
2016-11-04,107650,99,13663766
2016-11-05,107650,99,13663766
2016-11-06,107650,99,13663766
2016-11-07,107650,99,13663766
2016-11-08,107650,99,13663766
2016-11-09,107650,99,13663766
2016-11-10,107699,99,13663766
2016-11-12,107737,99,13663766
2016-11-13,107769,99,13663766
2016-11-14,107807,99,13663766
2016-11-15,107793,99,13663766
2016-11-16,107827,99,13663766
2016-11-17,107861,99,13663766
2016-11-18,107888,99,13663766
2016-11-19,107876,99,13663766
2016-11-20,107886,99,13663766
2016-11-21,107965,99,13663766
2016-11-22,107934,99,13663766
2016-11-23,107958,99,13663766
2016-11-24,108011,99,13663766
2016-11-25,108092,99,13663766
2016-11-26,108142,99,13663766
2016-11-27,108203,99,13663766
2016-11-28,108233,99,13663766
2016-11-30,108279,99,13663766
2016-12-01,108279,99,13663766
2016-12-02,108279,99,13663766
2016-12-04,108279,99,13663766
2016-12-05,108279,99,13663766
2016-12-06,108279,99,13663766
2016-12-07,108279,99,13663766
2016-12-08,108279,99,13663766
2016-12-09,108279,99,13663766
2016-12-10,108437,99,13663766
2016-12-11,108462,99,13663766
2016-12-12,108511,99,13663766
2016-12-13,108495,99,13663766
2016-12-14,108591,99,13663766
2016-12-16,108678,99,13663766
2016-12-17,108692,99,13663766
2016-12-18,108719,99,13663766
2016-12-19,108769,99,13663766
2016-12-21,108871,99,13663766
2016-12-22,108943,99,13663766
2016-12-23,108975,99,13663766
2016-12-24,108978,99,13663766
2016-12-25,108953,99,13663766
2016-12-26,108978,99,13663766
2016-12-27,109005,99,13663766
2016-12-28,109092,99,13663766
2016-12-29,109185,99,13663766
2016-12-30,109294,99,13663766
2016-12-31,109478,99,13663766
2017-01-01,109478,99,13663766
2017-01-03,109478,99,13663766
2017-01-04,109478,99,13663766
2017-01-05,109478,99,13663766
2017-01-06,109478,99,13663766
2017-01-07,109478,99,13663766
2017-01-08,109478,99,13663766
2017-01-09,109478,99,13663766
2017-01-10,110138,99,13663766
2017-01-11,110150,99,13663766
2017-01-13,110208,99,13663766
2017-01-14,110261,99,13663766
2017-01-15,110240,99,13663766
2017-01-16,110312,99,13663766
2017-01-17,110312,99,13663766
2017-01-19,110395,99,13663766
2017-01-20,110416,99,13663766
2017-01-21,110452,99,13663766
2017-01-22,110505,99,13663766
2017-01-23,110593,99,13663766
2017-01-25,110702,99,13663766
2017-01-26,110701,99,13663766
2017-01-27,110751,99,13663766
2017-01-28,110798,99,13663766
2017-01-29,110848,99,13663766
2017-01-30,110925,99,13663766
2017-01-31,110933,99,13663766
2017-02-01,110933,99,13663766
2017-02-02,110933,99,13663766
2017-02-03,110933,99,13663766
2017-02-04,110933,99,13663766
2017-02-05,110933,99,13663766
2017-02-06,110933,99,13663766
2017-02-07,110933,99,13663766
2017-02-08,110933,99,13663766
2017-02-09,110933,99,13663766
2017-02-10,111248,99,13663766
2017-02-11,111249,99,13663766
2017-02-12,111285,99,13663766
2017-02-13,111378,99,13663766
2017-02-14,111384,99,13663766
2017-02-15,111416,99,13663766
2017-02-16,111442,99,13663766
2017-02-17,111452,99,13663766
2017-02-18,111535,99,13663766
2017-02-19,111637,99,13663766
2017-02-20,111764,99,13663766
2017-02-21,111824,99,13663766
2017-02-22,111913,99,13663766
2017-02-23,111979,99,13663766
2017-02-24,112030,99,13663766
2017-02-25,112074,99,13663766
2017-02-26,112249,99,13663766
2017-02-27,112206,99,13663766
2017-02-28,112233,99,13663766
2017-03-01,112233,99,13663766
2017-03-02,112233,99,13663766
2017-03-03,112233,99,13663766
2017-03-04,112233,99,13663766
2017-03-05,112233,99,13663766
2017-03-06,112233,99,13663766
2017-03-08,112233,99,13663766
2017-03-09,112233,99,13663766
2017-03-10,112451,99,13663766
2017-03-11,112459,99,13663766
2017-03-13,112525,99,13663766
2017-03-14,112534,99,13663766
2017-03-15,112577,99,13663766
2017-03-16,112540,99,13663766
2017-03-17,112559,99,13663766
2017-03-18,112533,99,13663766
2017-03-19,112546,99,13663766
2017-03-20,112555,99,13663766
2017-03-21,112559,99,13663766
2017-03-22,112553,99,13663766
2017-03-23,112567,99,13663766
2017-03-24,112550,99,13663766
2017-03-25,112533,99,13663766
2017-03-26,112482,99,13663766
2017-03-27,112442,99,13663766
2017-03-28,112386,99,13663766
2017-03-29,112397,99,13663766
2017-03-30,112404,99,13663766
2017-04-01,112370,99,13663766
2017-04-02,112370,99,13663766
2017-04-03,112370,99,13663766
2017-04-04,112370,99,13663766
2017-04-05,112370,99,13663766
2017-04-06,112370,99,13663766
2017-04-07,112370,99,13663766
2017-04-08,112370,99,13663766
2017-04-09,112370,99,13663766
2017-04-10,112303,99,13663766
2017-04-11,112285,99,13663766
2017-04-13,112418,99,13663766
2017-04-14,112498,99,13663766
2017-04-15,112561,99,13663766
2017-04-16,112604,99,13663766
2017-04-18,112712,99,13663766
2017-04-19,112735,99,13663766
2017-04-20,112772,99,13663766
2017-04-21,112820,99,13663766
2017-04-23,112927,99,13663766
2017-04-24,112995,99,13663766
2017-04-25,112996,99,13663766
2017-04-26,113013,99,13663766
2017-04-27,113043,99,13663766
2017-04-28,113044,99,13663766
2017-04-29,113058,99,13663766
2017-04-30,113058,99,13663766
2017-05-01,113058,99,13663766
2017-05-02,113058,99,13663766
2017-05-03,113058,99,13663766
2017-05-05,113058,99,13663766
2017-05-06,113058,99,13663766
2017-05-07,113058,99,13663766
2017-05-08,113058,99,13663766
2017-05-10,113354,99,13663766
2017-05-11,113371,99,13663766
2017-05-12,113392,99,13663766
2017-05-13,113418,99,13663766
2017-05-14,113473,99,13663766
2017-05-16,113642,99,13663766
2017-05-17,113706,99,13663766
2017-05-18,113754,99,13663766
2017-05-19,113755,99,13663766
2017-05-20,113798,99,13663766
2017-05-21,113864,99,13663766
2017-05-22,114009,99,13663766
2017-05-23,113958,99,13663766
2017-05-24,114031,99,13663766
2017-05-25,113971,99,13663766
2017-05-26,114012,99,13663766
2017-05-28,114008,99,13663766
2017-05-29,114013,99,13663766
2017-05-30,114048,99,13663766
2017-05-31,114055,99,13663766
2017-06-01,114055,99,13663766
2017-06-03,114055,99,13663766
2017-06-04,114055,99,13663766
2017-06-05,114055,99,13663766
2017-06-06,114055,99,13663766
2017-06-08,114055,99,13663766
2017-06-09,114055,99,13663766
2017-06-10,114574,99,13663766
2017-06-11,114693,99,13663766
2017-06-12,114777,99,13663766
2017-06-13,114791,99,13663766
2017-06-14,114803,99,13663766
2017-06-15,114837,99,13663766
2017-06-16,114873,99,13663766
2017-06-17,114875,99,13663766
2017-06-18,114911,99,13663766
2017-06-19,114936,99,13663766
2017-06-20,114932,99,13663766
2017-06-21,114955,99,13663766
2017-06-23,114993,99,13663766
2017-06-24,115006,99,13663766
2017-06-25,115006,99,13663766
2017-06-26,115006,99,13663766
2017-06-27,115006,99,13663766
2017-06-28,115006,99,13663766
2017-06-29,115006,99,13663766
2017-06-30,115006,99,13663766
2017-07-02,115006,99,13663766
2017-07-03,115006,99,13663766
2017-07-04,115006,99,13663766
2017-07-05,115006,99,13663766
2017-07-06,115006,99,13663766
2017-07-07,115006,99,13663766
2017-07-08,115006,99,13663766
2017-07-09,115006,99,13663766
2017-07-10,115328,99,13663766
2017-07-11,115311,99,13663766
2017-07-12,115316,99,13663766
2017-07-13,115299,99,13663766
2017-07-14,115323,99,13663766
2017-07-15,115325,99,13663766
2017-07-16,115343,99,13663766
2017-07-17,115382,99,13663766
2017-07-18,115460,99,13663766
2017-07-19,115504,99,13663766
2017-07-20,115563,99,13663766
2017-07-21,115628,99,13663766
2017-07-22,115664,99,13663766
2017-07-23,115689,99,13663766
2017-07-25,115749,99,13663766
2017-07-26,115783,99,13663766
2017-07-27,115907,99,13663766
2017-07-28,116011,99,13663766
2017-07-29,116115,99,13663766
2017-07-30,116115,99,13663766
2017-08-01,116115,99,13663766
2017-08-02,116115,99,13663766
2017-08-03,116115,99,13663766
2017-08-04,116115,99,13663766
2017-08-05,116115,99,13663766
2017-08-07,116115,99,13663766
2017-08-08,116115,99,13663766
2017-08-09,116115,99,13663766
2017-08-10,116115,99,13663766
2017-08-11,116115,99,13663766
2017-08-13,116115,99,13663766
2017-08-14,116115,99,13663766
2017-08-15,116115,99,13663766
2017-08-16,116115,99,13663766
2017-08-17,117001,99,13663766
2017-08-19,116942,99,13663766
2017-08-20,116935,99,13663766
2017-08-21,116964,99,13663766
2017-08-22,116978,99,13663766
2017-08-23,117018,99,13663766
2017-08-25,117005,99,13663766
2017-08-26,117113,99,13663766
2017-08-27,117117,99,13663766
2017-08-28,117071,99,13663766
2017-08-29,117075,99,13663766
2017-08-30,117112,99,13663766
2017-08-31,117130,99,13663766
2017-09-01,117130,99,13663766
2017-09-02,117130,99,13663766
2017-09-03,117130,99,13663766
2017-09-05,117130,99,13663766
2017-09-06,117130,99,13663766
2017-09-07,117130,99,13663766
2017-09-08,117130,99,13663766
2017-09-09,117130,99,13663766
2017-09-11,116875,99,13663766
2017-09-12,116849,99,13663766
2017-09-13,116917,99,13663766
2017-09-14,116870,99,13663766
2017-09-15,116882,99,13663766
2017-09-16,116953,99,13663766
2017-09-17,117084,99,13663766
2017-09-18,117194,99,13663766
2017-09-19,117214,99,13663766
2017-09-20,117239,99,13663766
2017-09-21,117244,99,13663766
2017-09-22,117272,99,13663766
2017-09-23,117282,99,13663766
2017-09-24,117256,99,13663766
2017-09-25,117301,99,13663766
2017-09-26,117317,99,13663766
2017-09-27,117302,99,13663766
2017-09-28,117306,99,13663766
2017-09-29,117302,99,13663766
2017-09-30,117315,99,13663766
2017-10-01,117315,99,13663766
2017-10-02,117315,99,13663766
2017-10-03,117315,99,13663766
2017-10-05,117315,99,13663766
2017-10-06,117315,99,13663766
2017-10-07,117315,99,13663766
2017-10-08,117315,99,13663766
2017-10-09,117315,99,13663766
2017-10-10,117315,99,13663766
2017-10-11,117315,99,13663766
2017-10-12,117315,99,13663766
2017-10-13,117315,99,13663766
2017-10-14,117567,99,13663766
2017-10-15,117608,99,13663766
2017-10-16,117648,99,13663766
2017-10-17,117647,99,13663766
2017-10-18,117659,99,13663766
2017-10-19,117634,99,13663766
2017-10-20,117628,99,13663766
2017-10-21,117614,99,13663766
2017-10-22,117649,99,13663766
2017-10-23,117702,99,13663766
2017-10-24,117727,99,13663766
2017-10-25,117719,99,13663766
2017-10-26,117690,99,13663766
2017-10-27,117676,99,13663766
2017-10-28,117639,99,13663766
2017-10-29,117599,99,13663766
2017-10-30,117656,99,13663766
2017-10-31,117622,99,13663766
2017-11-01,117622,99,13663766
2017-11-02,117622,99,13663766
2017-11-04,117622,99,13663766
2017-11-05,117622,99,13663766
2017-11-06,117622,99,13663766
2017-11-07,117622,99,13663766
2017-11-08,117622,99,13663766
2017-11-10,117558,99,13663766
2017-11-11,117539,99,13663766
2017-11-12,117545,99,13663766
2017-11-13,117598,99,13663766
2017-11-14,117583,99,13663766
2017-11-15,117583,99,13663766
2017-11-17,117583,99,13663766
2017-11-18,117583,99,13663766
2017-11-19,117583,99,13663766
2017-11-20,117583,99,13663766
2017-11-21,117583,99,13663766
2017-11-22,117583,99,13663766
2017-11-23,117583,99,13663766
2017-11-24,117583,99,13663766
2017-11-25,117707,99,13663766
2017-11-26,117771,99,13663766
2017-11-27,117840,99,13663766
2017-11-29,117840,99,13663766
2017-11-30,117840,99,13663766
2017-12-01,117840,99,13663766
2017-12-02,117840,99,13663766
2017-12-03,117840,99,13663766
2017-12-04,117840,99,13663766
2017-12-05,117840,99,13663766
2017-12-06,117840,99,13663766
2017-12-07,117840,99,13663766
2017-12-08,117840,99,13663766
2017-12-09,117840,99,13663766
2017-12-10,117840,99,13663766
2017-12-11,117840,99,13663766
2017-12-12,117840,99,13663766
2017-12-13,117840,99,13663766
2017-12-14,117840,99,13663766
2017-12-15,117840,99,13663766
2017-12-16,117840,99,13663766
2017-12-17,117840,99,13663766
2017-12-18,117840,99,13663766
2017-12-19,117840,99,13663766
2017-12-20,117840,99,13663766
2017-12-21,117840,99,13663766
2017-12-22,117840,99,13663766
2017-12-23,117840,99,13663766
2017-12-24,117840,99,13663766
2017-12-25,117840,99,13663766
2017-12-26,117840,99,13663766
2017-12-27,117840,99,13663766
2017-12-28,117840,99,13663766
2017-12-29,117840,99,13663766
2017-12-30,117840,99,13663766
2017-12-31,117840,99,13663766
2018-01-01,117840,99,13663766
2018-01-02,117840,99,13663766
2018-01-03,117840,99,13663766
2018-01-04,117840,99,13663766
2018-01-05,117840,99,13663766
2018-01-06,117840,99,13663766
2018-01-07,117840,99,13663766
2018-01-08,117840,99,13663766
2018-01-09,117840,99,13663766
2018-01-10,117840,99,13663766
2018-01-11,117840,99,13663766
2018-01-12,117840,99,13663766
2018-01-13,117840,99,13663766
2018-01-14,117840,99,13663766
2018-01-15,117840,99,13663766
2018-01-16,117840,99,13663766
2018-01-17,117840,99,13663766
2018-01-18,117840,99,13663766
2018-01-19,117840,99,13663766
2018-01-20,117840,99,13663766
2018-01-21,117840,99,13663766
2018-01-22,117840,99,13663766
2018-01-23,117840,99,13663766
2018-01-24,117840,99,13663766
2018-01-25,117840,99,13663766
2018-01-26,117840,99,13663766
2018-01-27,117840,99,13663766
2018-01-28,117840,99,13663766
2018-01-29,117840,99,13663766
2018-01-30,117840,99,13663766
2018-01-31,117840,99,13663766
2018-02-01,117840,99,13663766
2018-02-02,117840,99,13663766
2018-02-03,117840,99,13663766
2018-02-04,117840,99,13663766
2018-02-05,117840,99,13663766
2018-02-06,117840,99,13663766
2018-02-07,117840,99,13663766
2018-02-08,117840,99,13663766
2018-02-09,117840,99,13663766
2018-02-10,117840,99,13663766
2018-02-11,117840,99,13663766
2018-02-12,117840,99,13663766
2018-02-14,117840,99,13663766
2018-02-15,117840,99,13663766
2018-02-16,117840,99,13663766
2018-02-17,117840,99,13663766
2018-02-18,117840,99,13663766
2018-02-19,117840,99,13663766
2018-02-20,117840,99,13663766
2018-02-21,117840,99,13663766
2018-02-22,117840,99,13663766
2018-02-23,117840,99,13663766
2018-02-24,117840,99,13663766
2018-02-25,117840,99,13663766
2018-02-26,117840,99,13663766
2018-02-27,117840,99,13663766
2018-02-28,117840,99,13663766
2018-03-01,117840,99,13663766
2018-03-02,117840,99,13663766
2018-03-03,117840,99,13663766
2018-03-04,117840,99,13663766
2018-03-05,117840,99,13663766
2018-03-06,117840,99,13663766
2018-03-07,117840,99,13663766
2018-03-08,117840,99,13663766
2018-03-09,117840,99,13663766
2018-03-10,117840,99,13663766
2018-03-11,117840,99,13663766
2018-03-12,117840,99,13663766
2018-03-13,117840,99,13663766
2018-03-14,117840,99,13663766
2018-03-15,117840,99,13663766
2018-03-16,117840,99,13663766
2018-03-17,117840,99,13663766
2018-03-18,117840,99,13663766
2018-03-19,117840,99,13663766
2018-03-20,117840,99,13663766
2018-03-21,117840,99,13663766
2018-03-22,117840,99,13663766
2018-03-23,117840,99,13663766
2018-03-24,117840,99,13663766
2018-03-25,117840,99,13663766
2018-03-26,117840,99,13663766
2018-03-27,117840,99,13663766
2018-03-28,117840,99,13663766
2018-03-29,117840,99,13663766
2018-03-30,117840,99,13663766
2018-03-31,117840,99,13663766
2018-04-01,117840,99,13663766
2018-04-02,117840,99,13663766
2018-04-03,117840,99,13663766
2018-04-04,117840,99,13663766
2018-04-05,117840,99,13663766
2018-04-06,117840,99,13663766
2018-04-07,117840,99,13663766
2018-04-08,117840,99,13663766
2018-04-09,117840,99,13663766
2018-04-10,117840,99,13663766
2018-04-11,117840,99,13663766
2018-04-12,117840,99,13663766
2018-04-13,117840,99,13663766
2018-04-14,117840,99,13663766
2018-04-15,117840,99,13663766
2018-04-16,117840,99,13663766
2018-04-17,117840,99,13663766
2018-04-18,117840,99,13663766
2018-04-19,117840,99,13663766
2018-04-20,117840,99,13663766
2018-04-21,117840,99,13663766
2018-04-22,117840,99,13663766
2018-04-23,117840,99,13663766
2018-04-24,117840,99,13663766
2018-04-25,117840,99,13663766
2018-04-26,117840,99,13663766
2018-04-27,117840,99,13663766
2018-04-28,117840,99,13663766
2018-04-29,117840,99,13663766
2018-04-30,117840,99,13663766
2018-05-01,117840,99,13663766
2018-05-02,117840,99,13663766
2018-05-03,117840,99,13663766
2018-05-04,117840,99,13663766
2018-05-05,117840,99,13663766
2018-05-06,117840,99,13663766
2018-05-07,117840,99,13663766
2018-05-08,117840,99,13663766
2018-05-09,117840,99,13663766
2018-05-10,117840,99,13663766
2018-05-11,117840,99,13663766
2018-05-12,117840,99,13663766
